// Cities of Germany
// population more than 20,000
// source: https://de.wikipedia.org/wiki/Liste_der_Groß-_und_Mittelstädte_in_Deutschland
data = [
"Berlin",
"Hamburg",
"München",
"Köln",
"Frankfurt am Main",
"Stuttgart",
"Düsseldorf",
"Dortmund",
"Essen",
"Bremen",
"Leipzig",
"Dresden",
"Hannover",
"Nürnberg",
"Duisburg",
"Bochum",
"Wuppertal",
"Bielefeld",
"Bonn",
"Münster",
"Karlsruhe",
"Mannheim",
"Augsburg",
"Wiesbaden",
"Gelsenkirchen",
"Mönchengladbach",
"Braunschweig",
"Chemnitz",
"Aachen",
"Kiel",
"Halle (Saale)",
"Magdeburg",
"Krefeld",
"Freiburg im Breisgau",
"Lübeck",
"Oberhausen",
"Mainz",
"Erfurt",
"Rostock",
"Kassel",
"Hagen",
"Saarbrücken",
"Hamm",
"Mülheim an der Ruhr",
"Potsdam",
"Ludwigshafen am Rhein",
"Leverkusen",
"Oldenburg",
"Osnabrück",
"Solingen",
"Heidelberg",
"Herne",
"Neuss",
"Darmstadt",
"Paderborn",
"Regensburg",
"Ingolstadt",
"Würzburg",
"Wolfsburg",
"Fürth",
"Offenbach am Main",
"Ulm",
"Heilbronn",
"Pforzheim",
"Göttingen",
"Bottrop",
"Recklinghausen",
"Reutlingen",
"Koblenz",
"Bremerhaven",
"Bergisch Gladbach",
"Remscheid",
"Trier",
"Jena",
"Erlangen",
"Moers",
"Siegen",
"Hildesheim",
"Cottbus",
"Salzgitter",
"Kaiserslautern",
"Gütersloh",
"Witten",
"Gera",
"Iserlohn",
"Schwerin",
"Ludwigsburg",
"Zwickau",
"Hanau",
"Esslingen am Neckar",
"Düren",
"Ratingen",
"Tübingen",
"Lünen",
"Flensburg",
"Marl",
"Gießen",
"Dessau-Roßlau",
"Villingen-Schwenningen",
"Konstanz",
"Worms",
"Velbert",
"Minden",
"Neumünster",
"Norderstedt",
"Wilhelmshaven",
"Dorsten",
"Viersen",
"Delmenhorst",
"Gladbeck",
"Rheine",
"Detmold",
"Castrop-Rauxel",
"Troisdorf",
"Arnsberg",
"Marburg",
"Lüdenscheid",
"Lüneburg",
"Bamberg",
"Bayreuth",
"Brandenburg an der Havel",
"Bocholt",
"Celle",
"Aschaffenburg",
"Landshut",
"Aalen",
"Dinslaken",
"Lippstadt",
"Kempten (Allgäu)",
"Fulda",
"Herford",
"Kerpen",
"Plauen",
"Neuwied",
"Weimar",
"Neubrandenburg",
"Dormagen",
"Sindelfingen",
"Grevenbroich",
"Rüsselsheim am Main",
"Rosenheim",
"Herten",
"Wesel",
"Garbsen",
"Bergheim",
"Schwäbisch Gmünd",
"Unna",
"Friedrichshafen",
"Hürth",
"Offenburg",
"Frankfurt (Oder)",
"Stralsund",
"Langenfeld (Rheinland)",
"Greifswald",
"Stolberg (Rheinland)",
"Hameln",
"Euskirchen",
"Göppingen",
"Neu-Ulm",
"Eschweiler",
"Hilden",
"Sankt Augustin",
"Meerbusch",
"Hattingen",
"Görlitz",
"Waiblingen",
"Pulheim",
"Baden-Baden",
"Menden (Sauerland)",
"Bad Homburg vor der Höhe",
"Nordhorn",
"Neustadt an der Weinstraße",
"Lingen (Ems)",
"Langenhagen",
"Bad Salzuflen",
"Ahlen",
"Wolfenbüttel",
"Schweinfurt",
"Frechen",
"Wetzlar",
"Ibbenbüren",
"Willich",
"Goslar",
"Emden",
"Passau",
"Speyer",
"Gummersbach",
"Erftstadt",
"Ravensburg",
"Bad Kreuznach",
"Kleve",
"Lörrach",
"Peine",
"Bad Oeynhausen",
"Cuxhaven",
"Bergkamen",
"Elmshorn",
"Frankenthal (Pfalz)",
"Rastatt",
"Böblingen",
"Rheda-Wiedenbrück",
"Heidenheim an der Brenz",
"Soest",
"Bornheim",
"Wittenberg",
" Lutherstadt",
"Hennef (Sieg)",
"Herzogenrath",
"Singen (Hohentwiel)",
"Alsdorf",
"Schwerte",
"Gronau (Westf.)",
"Leonberg",
"Straubing",
"Dachau",
"Dülmen",
"Freising",
"Melle",
"Neunkirchen",
"Stade",
"Oberursel (Taunus)",
"Bünde",
"Filderstadt",
"Gotha",
"Fellbach",
"Landau in der Pfalz",
"Hof",
"Lahr/Schwarzwald",
"Albstadt",
"Brühl",
"Weinheim",
"Erkrath",
"Rodgau",
"Neustadt am Rübenberge",
"Kamen",
"Lehrte",
"Bruchsal",
"Erkelenz",
"Oranienburg",
"Kaarst",
"Wismar",
"Bietigheim-Bissingen",
"Rottenburg am Neckar",
"Memmingen",
"Kaufbeuren",
"Pinneberg",
"Eisenach",
"Weiden in der Oberpfalz",
"Nordhausen",
"Falkensee",
"Gifhorn",
"Nettetal",
"Amberg",
"Homburg",
"Borken",
"Heinsberg",
"Aurich",
"Coburg",
"Freiberg",
"Wunstorf",
"Bitterfeld-Wolfen",
"Lemgo",
"Seevetal",
"Halberstadt",
"Monheim am Rhein",
"Dreieich",
"Stendal",
"Königswinter",
"Pirmasens",
"Ansbach",
"Nürtingen",
"Schwabach",
"Laatzen",
"Weißenfels",
"Siegburg",
"Buxtehude",
"Löhne",
"Bensheim",
"Freital",
"Bautzen",
"Kirchheim unter Teck",
"Hückelhoven",
"Ahaus",
"Eberswalde",
"Ettlingen",
"Neumarkt in der Oberpfalz",
"Schorndorf",
"Germering",
"Völklingen",
"Hofheim am Taunus",
"Leinfelden-Echterdingen",
"Würselen",
"Buchholz in der Nordheide",
"Schwäbisch Hall",
"Mettmann",
"Ostfildern",
"Pirna",
"Maintal",
"Haltern am See",
"Kamp-Lintfort",
"Niederkassel",
"Warendorf",
"Bernau bei Berlin",
"Neu-Isenburg",
"Voerde (Niederrhein)",
"Suhl",
"Beckum",
"Sankt Ingbert",
"Langen",
"Papenburg",
"Coesfeld",
"Greven",
"Emsdetten",
"Erding",
"Wesseling",
"Backnang",
"Porta Westfalica",
"Fürstenfeldbruck",
"Sinsheim",
"Königs Wusterhausen",
"Lage",
"Kempen",
"Meppen",
"Kehl",
"Wermelskirchen",
"Datteln",
"Saarlouis",
"Zweibrücken",
"Leer",
"Limburg an der Lahn",
"Radebeul",
"Hoyerswerda",
"Tuttlingen",
"Hemer",
"Bernburg (Saale)",
"Balingen",
"Winsen (Luhe)",
"Goch",
"Uelzen",
"Wernigerode",
"Merseburg",
"Barsinghausen",
"Viernheim",
"Steinfurt",
"Cloppenburg",
"Crailsheim",
"Mühlhausen/Thüringen",
"Geldern",
"Mörfelden-Walldorf",
"Dietzenbach",
"Altenburg",
"Naumburg (Saale)",
"Seelze",
"Stuhr",
"Kornwestheim",
"Bad Vilbel",
"Wedel",
"Rheinfelden (Baden)",
"Korschenbroich",
"Jülich",
"Deggendorf",
"Lampertheim",
"Ahrensburg",
"Georgsmarienhütte",
"Biberach an der Riß",
"Einbeck",
"Vechta",
"Schönebeck",
"Fürstenwalde/Spree",
"Delbrück",
"Gevelsberg",
"Forchheim",
"Itzehoe",
"Kreuztal",
"Bad Nauheim",
"Riesa",
"Oer-Erkenschwick",
"Rheinberg",
"Nienburg/Weser",
"Neuruppin",
"Herrenberg",
"Achim",
"Geestland",
"Ganderkesee",
"Bramsche",
"Radolfzell am Bodensee",
"Weyhe",
"Emmerich am Rhein",
"Schwedt/Oder",
"Haan",
"Osterholz-Scharmbeck",
"Meschede",
"Werl",
"Lohmar",
"Ennepetal",
"Weil am Rhein",
"Werne",
"Burgdorf",
"Geesthacht",
"Merzig",
"Höxter",
"Zeitz",
"Andernach",
"Tönisvorst",
"Friedberg",
"Rietberg",
"Waltrop",
"Wedemark",
"Neuburg an der Donau",
"Bad Hersfeld",
"Northeim",
"Güstrow",
"Oelde",
"Taunusstein",
"Gaggenau",
"Bühl",
"Bretten",
"Landsberg am Lech",
"Grimma",
"Vaihingen an der Enz",
"Springe",
"Kelkheim (Taunus)",
"Idar-Oberstein",
"Rösrath",
"Schwandorf",
"Bad Zwischenahn",
"Sundern (Sauerland)",
"Kevelaer",
"Friedberg (Hessen)",
"Leichlingen (Rheinland)",
"Schwelm",
"Mühlheim am Main",
"Aschersleben",
"Wegberg",
"Winnenden",
"Sangerhausen",
"Henstedt-Ulzburg",
"Königsbrunn",
"Eisenhüttenstadt",
"Wetter (Ruhr)",
"Baunatal",
"Meißen",
"Rendsburg",
"Bad Neuenahr-Ahrweiler",
"Overath",
"Mechernich",
"Neukirchen-Vluyn",
"Rödermark",
"Emmendingen",
"Verden (Aller)",
"Rheinbach",
"Staßfurt",
"Geilenkirchen",
"Unterschleißheim",
"Reinbek",
"Wangen im Allgäu",
"Geislingen an der Steige",
"Baesweiler",
"Hamminkeln",
"Griesheim",
"Schloß Holte-Stukenbrock",
"Köthen (Anhalt)",
"Hattersheim am Main",
"Weinstadt",
"Olching",
"Garmisch-Partenkirchen",
"Nordenham",
"Lauf an der Pegnitz",
"Leimen",
"Kulmbach",
"Blankenfelde-Mahlow",
"Strausberg",
"Hennigsdorf",
"Ilmenau",
"St. Wendel",
"Lennestadt",
"Neckarsulm",
"Zittau",
"Lohne (Oldenburg)",
"Wiesloch",
"Plettenberg",
"Selm",
"Heiligenhaus",
"Brilon",
"Lübbecke",
"Petershagen",
"Hohen Neuendorf",
"Mühlacker",
"Wiehl",
"Saalfeld/Saale",
"Rinteln",
"Warstein",
"Bad Honnef",
"Remseck am Neckar",
"Sprockhövel",
"Verl",
"Heppenheim (Bergstraße)",
"Schmallenberg",
"Delitzsch",
"Butzbach",
"Norden",
"Ehingen",
"Friedrichsdorf",
"Weiterstadt",
"Achern",
"Senftenberg",
"Quedlinburg",
"Lindau (Bodensee)",
"Pfaffenhofen an der Ilm",
"Bad Oldesloe",
"Espelkamp",
"Salzkotten",
"Olpe",
"Bingen am Rhein",
"Teltow",
"Zirndorf",
"Rottweil",
"Roth",
"Horb am Neckar",
"Ditzingen",
"Ludwigsfelde",
"Werder (Havel)",
"Eisleben",
" Lutherstadt",
"Groß-Gerau",
"Pfungstadt",
"Attendorn",
"Harsewinkel",
"Ingelheim am Rhein",
"Rathenow",
"Markkleeberg",
"Salzwedel",
"Geretsried",
"Obertshausen",
"Schleswig",
"Übach-Palenberg",
"Limbach-Oberfrohna",
"Lüdinghausen",
"Arnstadt",
"Weingarten",
"Stutensee",
"Meckenheim",
"Idstein",
"Syke",
"Hann. Münden",
"Unterhaching",
"Ellwangen (Jagst)",
"Ronnenberg",
"Sonneberg",
"Varel",
"Dillenburg",
"Isernhagen",
"Warburg",
"Walsrode",
"Haren (Ems)",
"Glauchau",
"Korbach",
"Sehnde",
"Alfter",
"Gardelegen",
"Helmstedt",
"Netphen",
"Waldshut-Tiengen",
"Bedburg",
"Wallenhorst",
"Öhringen",
"Herzogenaurach",
"Jüchen",
"Starnberg",
"Moormerland",
"Mosbach",
"Bad Mergentheim",
"Waldkraiburg",
"Burg",
"Rudolstadt",
"Calw",
"Herdecke",
"Riedstadt",
"Vreden",
"Wertheim",
"Spremberg",
"Vaterstetten",
"Gelnhausen",
"Freudenstadt",
"Überlingen",
"Husum",
"Osterode am Harz",
"Radevormwald",
"Leutkirch im Allgäu",
"Lengerich",
"Westerstede",
"Zerbst/Anhalt",
"Karben",
"Sondershausen",
"Apolda",
"Eckernförde",
"Bad Soden am Taunus",
"Weilheim in Oberbayern",
"Senden",
"Stadthagen",
"Gersthofen",
"Friesoythe",
"Wandlitz",
"Rastede",
"Bad Harzburg",
"Büren",
"Döbeln",
"Edewecht",
"Schwetzingen",
"Nagold",
"Neusäß",
"Metzingen",
"Sonthofen",
"Donaueschingen",
"Wipperfürth",
"Bad Kissingen",
"Ilsede",
"Heide",
"Xanten",
"Waldkirch",
"Rees",
"Lindlar",
"Soltau",
"Halle (Westf.)",
"Greiz",
"Eppingen",
"Elsdorf",
"Meiningen",
"Büdingen",
"Waren (Müritz)",
"Ottobrunn",
"Rotenburg (Wümme)",
"Hockenheim",
"Eschborn",
"Werdau",
"Wülfrath",
"Versmold",
"Blieskastel",
"Stadtallendorf",
"Schramberg",
"Aichach",
"Duderstadt",
"Fröndenberg/Ruhr",
"Puchheim",
"Laupheim",
"Seligenstadt",
"Coswig",
"Neu Wulmstorf",
"Groß-Umstadt",
"Geseke",
"Kleinmachnow",
"Meinerzhagen",
"Traunreut",
"Blankenburg (Harz)",
"Neustrelitz",
"Kitzingen",
"Annaberg-Buchholz",
"Steinhagen",
"Enger",
"Waghäusel",
"Wittmund",
"Flörsheim am Main",
"Herborn",
"Germersheim",
"Burgwedel",
"Rheinstetten",
"Westoverledingen",
"Bad Rappenau",
"Bruchköbel",
"Senden",
"Holzminden",
"Gauting",
"Kaltenkirchen",
"Stadtlohn",
"Wilnsdorf",
"Schortens",
"Lichtenfels",
"Luckenwalde",
"Dillingen/Saar"]
